id,name,model_id:id,group_id:id,perm_read,perm_write,perm_create,perm_unlink
access_database_viewer_user,database.viewer.user,model_database_viewer,base.group_user,1,1,1,1
access_database_viewer_manager,database.viewer.manager,model_database_viewer,base.group_system,1,1,1,1
access_database_data_display_user,database.data.display.user,model_database_data_display,base.group_user,1,1,1,1
access_database_data_display_manager,database.data.display.manager,model_database_data_display,base.group_system,1,1,1,1
access_database_viewer_all,database.viewer.all,model_database_viewer,,1,1,1,1
access_database_data_display_all,database.data.display.all,model_database_data_display,,1,1,1,1
